#	Qty	Reference	Value	Footprint	Datasheet	Description	Manufacturer_Name	Manufacturer_Part_Number	Mouser Part Number	V_{ds}
1	1	C704	100uF 6.3V	Capacitor_SMD:C_1210_3225Metric_Pad1.33x2.70mm_HandSolder	~	Unpolarized capacitor, small symbol	Taiyo Yuden	JMK325BJ107MM-T	963-JMK325BJ107MM-T	
2	3	C701,C702,C703	100uF 25V	Capacitor_SMD:CP_Elec_8x10.5	~	Polarized capacitor	Panasonic	EEE-HC1E101P	667-EEE-HC1E101P	
3	1	D701	SMAJ12A	Diode_SMD:D_SMA-SMB_Universal_Handsoldering	~	Unidirectional transient-voltage-suppression diode	Bourns	SMAJ12A	652-SMAJ12A	
4	1	D702	SMAJ5.0A	Diode_SMD:D_SMA-SMB_Universal_Handsoldering	~	Unidirectional transient-voltage-suppression diode	Bourns	SMAJ5.0A	652-SMAJ5.0A	
5	1	D703	SMF3.3	Diode_SMD:D_SMA-SMB_Universal_Handsoldering	~	Unidirectional transient-voltage-suppression diode	Littelfuse	SMF3.3	576-SMF3.3	
6	1	D704	Yellow	LED_THT:LED_D3.0mm_Clear	~	Light emitting diode		LTL-4251N	859-LTL-4251N	
7	6	D101,D201,D301,D401,D501,D601	BAT54S	Package_TO_SOT_SMD:SOT-23_Handsoldering	https://www.diodes.com/assets/Datasheets/ds11005.pdf	Vr 30V, If 200mA, Dual schottky barrier diode, in series, SOT-323		BAT54S	637-BAT54S	
8	1	J701	Conn_01x06	TerminalBlock_Phoenix:TerminalBlock_Phoenix_PT-1,5-6-3.5-H_1x06_P3.50mm_Horizontal	~	Generic connector, single row, 01x06, script generated (kicad-library-utils/schlib/autogen/connector/)	Phoenix Contact	1984659	651-1984659	
9	6	J101,J201,J301,J401,J501,J601	67800-5001	Libraries:67800-5005_2	https://datasheet.datasheetarchive.com/originals/distributors/Datasheets_SAMA/0faa6e41b2707203d8a1a7c607a5a567.pdf	Molex SATA 67800, 1.27mm Pitch, 7 Way, 1 Row, Vertical PCB Header, Surface Mount	Molex	67800-5001	538-67800-5001	
10	6	J102,J202,J302,J402,J502,J602	1735284-2	Libraries:17352842	https://www.arrow.com/en/products/1735284-2/te-connectivity	Body Features: Connector Profile Standard | Configuration Features: Number of Positions 22 | Number of Ports 2 | PCB Mount Orientation Vertical | Number of Rows 1 | Contact Features: PCB Contact Termination Area Plating Material Tin | Contact Configuration 7P + 15P | Contact Base Material Copper Alloy | Contact Mating Area Plating Material Gold | Contact Current Rating (Max) 1.5 AMP | Contact Mating Area Plating Material Thickness 30 MICIN | Contact Mating Area Plating Material Thickness .76 MICM | Dimensio	TE Connectivity	1735284-2	571-1735284-2	
11	2	JP701,JP702	Jumper	Connector_PinHeader_2.54mm:PinHeader_1x02_P2.54mm_Horizontal	~	Jumper, 2-pole, small symbol, open		22-28-8024	538-22-28-8024	
12	2	Q701,Q702	DMG1012UW	Package_TO_SOT_SMD:SOT-323_SC-70_Handsoldering	https://www.diodes.com/assets/Datasheets/DMG1012UW.pdf	N-Channel Enhancement Mode Mosfet with ESD protection	Diodes Inc	DMG1012UW-7	621-DMG1012UW-7	20V
13	1	R701	270R	Resistor_SMD:R_0805_2012Metric_Pad1.20x1.40mm_HandSolder	~	Resistor		AC0805FR-07270RL	603-AC0805FR-07270RL	
14	2	R702,R704	1M	Resistor_SMD:R_0805_2012Metric_Pad1.20x1.40mm_HandSolder	~	Resistor		AC0805FR-071ML	603-AC0805FR-071ML	
15	2	R703,R705	100k	Resistor_SMD:R_0805_2012Metric_Pad1.20x1.40mm_HandSolder	~	Resistor		AC0805FR-07100KL	 603-AC0805FR-07100KL	
16	1	U701	LDI1117-3.3H	Package_TO_SOT_SMD:SOT-223-3_TabPin2	http://www.onsemi.com/pub_link/Collateral/NCP1117-D.PDF	1A Low drop-out regulator, Fixed Output 3.3V, SOT-223		LDI1117-3.3H	637-LDI1117-3.3H	
